peptide_seq,start_res,end_res,0,D_inc,reliability
AADEVTAPPRKVLIISAGASHSVAL,6,30,0,0.10,4
AADEVTAPPRKVLIISAGASHSVAL,6,30,10.002,2.30,4
AADEVTAPPRKVLIISAGASHSVAL,6,30,30,2.50,4
AADEVTAPPRKVLIISAGASHSVAL,6,30,100.002,4.00,4
AADEVTAPPRKVLIISAGASHSVAL,6,30,300,3.20,4
AADEVTAPPRKVLIISAGASHSVAL,6,30,1000,4.20,4
AADEVTAPPRKVLIISAGASHSVAL,6,30,3000,4.40,4
AADEVTAPPRKVLIISAGASHSVAL,6,30,10000,4.60,4
AADEVTAPPRKVLIISAGASHSVAL,6,30,30000,4.90,4
AADEVTAPPRKVLIISAGASHSVAL,6,30,100000,5.80,4
DEVTAPPRKVLIISAGASHSVAL,8,30,0,0.10,4
DEVTAPPRKVLIISAGASHSVAL,8,30,10.002,2.00,4
DEVTAPPRKVLIISAGASHSVAL,8,30,30,2.30,4
DEVTAPPRKVLIISAGASHSVAL,8,30,100.002,3.80,4
DEVTAPPRKVLIISAGASHSVAL,8,30,300,2.90,4
DEVTAPPRKVLIISAGASHSVAL,8,30,1000,3.90,4
DEVTAPPRKVLIISAGASHSVAL,8,30,3000,4.10,4
DEVTAPPRKVLIISAGASHSVAL,8,30,10000,4.40,4
DEVTAPPRKVLIISAGASHSVAL,8,30,30000,4.70,4
DEVTAPPRKVLIISAGASHSVAL,8,30,100000,5.50,4
DEVTAPPRKVLIISAGASHSVALL,8,31,0,0.10,3
DEVTAPPRKVLIISAGASHSVALL,8,31,10.002,1.90,3
DEVTAPPRKVLIISAGASHSVALL,8,31,30,2.10,3
DEVTAPPRKVLIISAGASHSVALL,8,31,100.002,3.50,3
DEVTAPPRKVLIISAGASHSVALL,8,31,300,2.70,3
DEVTAPPRKVLIISAGASHSVALL,8,31,1000,3.60,3
DEVTAPPRKVLIISAGASHSVALL,8,31,3000,3.80,3
DEVTAPPRKVLIISAGASHSVALL,8,31,10000,4.00,3
DEVTAPPRKVLIISAGASHSVALL,8,31,30000,4.10,3
DEVTAPPRKVLIISAGASHSVALL,8,31,100000,5.90,3
EVTAPPRKVLIISAGASHSVAL,9,30,0,0.30,3
EVTAPPRKVLIISAGASHSVAL,9,30,10.002,2.10,3
EVTAPPRKVLIISAGASHSVAL,9,30,30,2.40,3
EVTAPPRKVLIISAGASHSVAL,9,30,100.002,3.80,3
EVTAPPRKVLIISAGASHSVAL,9,30,300,2.90,3
EVTAPPRKVLIISAGASHSVAL,9,30,1000,3.90,3
EVTAPPRKVLIISAGASHSVAL,9,30,3000,4.10,3
EVTAPPRKVLIISAGASHSVAL,9,30,10000,4.20,3
EVTAPPRKVLIISAGASHSVAL,9,30,30000,4.60,3
EVTAPPRKVLIISAGASHSVAL,9,30,100000,5.60,3
EVTAPPRKVLIISAGASHSVAL,9,30,0,0.10,4
EVTAPPRKVLIISAGASHSVAL,9,30,10.002,1.70,4
EVTAPPRKVLIISAGASHSVAL,9,30,30,2.00,4
EVTAPPRKVLIISAGASHSVAL,9,30,100.002,3.40,4
EVTAPPRKVLIISAGASHSVAL,9,30,300,2.60,4
EVTAPPRKVLIISAGASHSVAL,9,30,1000,3.50,4
EVTAPPRKVLIISAGASHSVAL,9,30,3000,3.70,4
EVTAPPRKVLIISAGASHSVAL,9,30,10000,3.90,4
EVTAPPRKVLIISAGASHSVAL,9,30,30000,4.30,4
EVTAPPRKVLIISAGASHSVAL,9,30,100000,5.40,4
IVCSWGRGEDGQLGHGDAEDRPSPTQL,35,61,0,0.90,3
IVCSWGRGEDGQLGHGDAEDRPSPTQL,35,61,10.002,1.60,3
IVCSWGRGEDGQLGHGDAEDRPSPTQL,35,61,30,1.60,3
IVCSWGRGEDGQLGHGDAEDRPSPTQL,35,61,100.002,2.10,3
IVCSWGRGEDGQLGHGDAEDRPSPTQL,35,61,300,2.20,3
IVCSWGRGEDGQLGHGDAEDRPSPTQL,35,61,1000,2.40,3
IVCSWGRGEDGQLGHGDAEDRPSPTQL,35,61,3000,2.80,3
IVCSWGRGEDGQLGHGDAEDRPSPTQL,35,61,10000,2.90,3
IVCSWGRGEDGQLGHGDAEDRPSPTQL,35,61,30000,3.20,3
IVCSWGRGEDGQLGHGDAEDRPSPTQL,35,61,100000,4.30,3
EDRPSPTQL,53,61,0,0.10,3
EDRPSPTQL,53,61,10.002,0.60,3
EDRPSPTQL,53,61,30,0.60,3
EDRPSPTQL,53,61,100.002,0.90,3
EDRPSPTQL,53,61,300,0.70,3
EDRPSPTQL,53,61,1000,1.10,3
EDRPSPTQL,53,61,3000,1.30,3
EDRPSPTQL,53,61,10000,1.30,3
EDRPSPTQL,53,61,30000,1.40,3
EDRPSPTQL,53,61,100000,1.70,3
SALDGHQIVS,62,71,0,0.00,3
SALDGHQIVS,62,71,10.002,0.50,3
SALDGHQIVS,62,71,30,0.70,3
SALDGHQIVS,62,71,100.002,1.40,3
SALDGHQIVS,62,71,300,0.90,3
SALDGHQIVS,62,71,1000,1.60,3
SALDGHQIVS,62,71,3000,1.70,3
SALDGHQIVS,62,71,10000,2.00,3
SALDGHQIVS,62,71,30000,2.40,3
SALDGHQIVS,62,71,100000,2.30,3
DGHQIVSVTCGAD,65,77,0,0.10,4
DGHQIVSVTCGAD,65,77,10.002,0.60,4
DGHQIVSVTCGAD,65,77,30,0.70,4
DGHQIVSVTCGAD,65,77,100.002,1.10,4
DGHQIVSVTCGAD,65,77,300,0.90,4
DGHQIVSVTCGAD,65,77,1000,1.10,4
DGHQIVSVTCGAD,65,77,3000,1.50,4
DGHQIVSVTCGAD,65,77,10000,2.00,4
DGHQIVSVTCGAD,65,77,30000,2.40,4
DGHQIVSVTCGAD,65,77,100000,3.20,4
VTCGADHTVA,72,81,0,0.00,3
VTCGADHTVA,72,81,10.002,0.30,3
VTCGADHTVA,72,81,30,0.30,3
VTCGADHTVA,72,81,100.002,0.40,3
VTCGADHTVA,72,81,300,0.30,3
VTCGADHTVA,72,81,1000,0.40,3
VTCGADHTVA,72,81,3000,0.40,3
VTCGADHTVA,72,81,10000,0.50,3
VTCGADHTVA,72,81,30000,0.60,3
VTCGADHTVA,72,81,100000,1.50,3
HTVAYSQSGM,78,87,0,0.00,4
HTVAYSQSGM,78,87,10.002,1.10,4
HTVAYSQSGM,78,87,30,1.20,4
HTVAYSQSGM,78,87,100.002,1.90,4
HTVAYSQSGM,78,87,300,1.50,4
HTVAYSQSGM,78,87,1000,1.90,4
HTVAYSQSGM,78,87,3000,2.00,4
HTVAYSQSGM,78,87,10000,2.20,4
HTVAYSQSGM,78,87,30000,2.40,4
HTVAYSQSGM,78,87,100000,2.20,4
HTVAYSQSGMEV,78,89,0,0.10,3
HTVAYSQSGMEV,78,89,10.002,1.10,3
HTVAYSQSGMEV,78,89,30,1.10,3
HTVAYSQSGMEV,78,89,100.002,1.80,3
HTVAYSQSGMEV,78,89,300,1.40,3
HTVAYSQSGMEV,78,89,1000,1.80,3
HTVAYSQSGMEV,78,89,3000,1.90,3
HTVAYSQSGMEV,78,89,10000,2.30,3
HTVAYSQSGMEV,78,89,30000,2.80,3
HTVAYSQSGMEV,78,89,100000,2.40,3
YSWGWGDFGRLGHGNSSDL,90,108,0,0.10,4
YSWGWGDFGRLGHGNSSDL,90,108,10.002,0.70,4
YSWGWGDFGRLGHGNSSDL,90,108,30,0.90,4
YSWGWGDFGRLGHGNSSDL,90,108,100.002,1.70,4
YSWGWGDFGRLGHGNSSDL,90,108,300,1.20,4
YSWGWGDFGRLGHGNSSDL,90,108,1000,2.30,4
YSWGWGDFGRLGHGNSSDL,90,108,3000,2.80,4
YSWGWGDFGRLGHGNSSDL,90,108,10000,3.00,4
YSWGWGDFGRLGHGNSSDL,90,108,30000,3.20,4
YSWGWGDFGRLGHGNSSDL,90,108,100000,2.80,4
YSWGWGDFGRLGHGNSSDL,90,108,0,0.00,4
YSWGWGDFGRLGHGNSSDL,90,108,10.002,0.70,4
YSWGWGDFGRLGHGNSSDL,90,108,30,0.80,4
YSWGWGDFGRLGHGNSSDL,90,108,100.002,1.70,4
YSWGWGDFGRLGHGNSSDL,90,108,300,1.20,4
YSWGWGDFGRLGHGNSSDL,90,108,1000,2.30,4
YSWGWGDFGRLGHGNSSDL,90,108,3000,2.70,4
YSWGWGDFGRLGHGNSSDL,90,108,10000,3.00,4
YSWGWGDFGRLGHGNSSDL,90,108,30000,3.10,4
YSWGWGDFGRLGHGNSSDL,90,108,100000,2.60,4
GRLGHGNSSDL,98,108,0,0.00,4
GRLGHGNSSDL,98,108,10.002,0.50,4
GRLGHGNSSDL,98,108,30,0.60,4
GRLGHGNSSDL,98,108,100.002,1.40,4
GRLGHGNSSDL,98,108,300,1.00,4
GRLGHGNSSDL,98,108,1000,1.70,4
GRLGHGNSSDL,98,108,3000,1.90,4
GRLGHGNSSDL,98,108,10000,2.10,4
GRLGHGNSSDL,98,108,30000,2.30,4
GRLGHGNSSDL,98,108,100000,1.50,4
FTPLPIKALHGIRIKQ,109,124,0,0.10,3
FTPLPIKALHGIRIKQ,109,124,10.002,1.20,3
FTPLPIKALHGIRIKQ,109,124,30,1.30,3
FTPLPIKALHGIRIKQ,109,124,100.002,2.10,3
FTPLPIKALHGIRIKQ,109,124,300,1.70,3
FTPLPIKALHGIRIKQ,109,124,1000,2.30,3
FTPLPIKALHGIRIKQ,109,124,3000,2.60,3
FTPLPIKALHGIRIKQ,109,124,10000,2.80,3
FTPLPIKALHGIRIKQ,109,124,30000,3.00,3
FTPLPIKALHGIRIKQ,109,124,100000,3.80,3
AVTMEG,134,139,0,0.00,3
AVTMEG,134,139,10.002,0.40,3
AVTMEG,134,139,30,0.40,3
AVTMEG,134,139,100.002,1.30,3
AVTMEG,134,139,300,0.80,3
AVTMEG,134,139,1000,1.40,3
AVTMEG,134,139,3000,1.40,3
AVTMEG,134,139,10000,1.30,3
AVTMEG,134,139,30000,1.50,3
AVTMEG,134,139,100000,0.70,3
EVQSWGRNQNGQLGLGDTE,140,158,0,0.20,3
EVQSWGRNQNGQLGLGDTE,140,158,10.002,0.30,3
EVQSWGRNQNGQLGLGDTE,140,158,30,0.50,3
EVQSWGRNQNGQLGLGDTE,140,158,100.002,0.90,3
EVQSWGRNQNGQLGLGDTE,140,158,300,0.60,3
EVQSWGRNQNGQLGLGDTE,140,158,1000,1.00,3
EVQSWGRNQNGQLGLGDTE,140,158,3000,1.30,3
EVQSWGRNQNGQLGLGDTE,140,158,10000,1.70,3
EVQSWGRNQNGQLGLGDTE,140,158,30000,2.00,3
EVQSWGRNQNGQLGLGDTE,140,158,100000,4.70,3
EVQSWGRNQNGQLGLGDTED,140,159,0,0.20,4
EVQSWGRNQNGQLGLGDTED,140,159,10.002,0.40,4
EVQSWGRNQNGQLGLGDTED,140,159,30,0.60,4
EVQSWGRNQNGQLGLGDTED,140,159,100.002,0.90,4
EVQSWGRNQNGQLGLGDTED,140,159,300,0.60,4
EVQSWGRNQNGQLGLGDTED,140,159,1000,1.00,4
EVQSWGRNQNGQLGLGDTED,140,159,3000,1.30,4
EVQSWGRNQNGQLGLGDTED,140,159,10000,1.60,4
EVQSWGRNQNGQLGLGDTED,140,159,30000,2.00,4
EVQSWGRNQNGQLGLGDTED,140,159,100000,2.80,4
PQKIQA,163,168,0,0.00,3
PQKIQA,163,168,10.002,0.70,3
PQKIQA,163,168,30,0.80,3
PQKIQA,163,168,100.002,1.20,3
PQKIQA,163,168,300,1.00,3
PQKIQA,163,168,1000,1.20,3
PQKIQA,163,168,3000,1.30,3
PQKIQA,163,168,10000,1.30,3
PQKIQA,163,168,30000,1.50,3
PQKIQA,163,168,100000,1.50,3
FEGIRIKM,169,176,0,0.00,5
FEGIRIKM,169,176,10.002,0.70,5
FEGIRIKM,169,176,30,0.70,5
FEGIRIKM,169,176,100.002,1.10,5
FEGIRIKM,169,176,300,0.90,5
FEGIRIKM,169,176,1000,1.40,5
FEGIRIKM,169,176,3000,1.80,5
FEGIRIKM,169,176,10000,2.10,5
FEGIRIKM,169,176,30000,2.10,5
FEGIRIKM,169,176,100000,1.90,5
IRIKMVAAGAE,172,182,0,0.00,3
IRIKMVAAGAE,172,182,10.002,0.10,3
IRIKMVAAGAE,172,182,30,0.20,3
IRIKMVAAGAE,172,182,100.002,0.60,3
IRIKMVAAGAE,172,182,300,0.30,3
IRIKMVAAGAE,172,182,1000,0.80,3
IRIKMVAAGAE,172,182,3000,1.20,3
IRIKMVAAGAE,172,182,10000,1.50,3
IRIKMVAAGAE,172,182,30000,1.70,3
IRIKMVAAGAE,172,182,100000,2.20,3
IRIKMVAAGAEHTAA,172,186,0,0.00,4
IRIKMVAAGAEHTAA,172,186,10.002,0.20,4
IRIKMVAAGAEHTAA,172,186,30,0.30,4
IRIKMVAAGAEHTAA,172,186,100.002,0.90,4
IRIKMVAAGAEHTAA,172,186,300,0.50,4
IRIKMVAAGAEHTAA,172,186,1000,1.10,4
IRIKMVAAGAEHTAA,172,186,3000,1.50,4
IRIKMVAAGAEHTAA,172,186,10000,1.90,4
IRIKMVAAGAEHTAA,172,186,30000,2.10,4
IRIKMVAAGAEHTAA,172,186,100000,3.30,4
IRIKMVAAGAEHTAA,172,186,0,0.00,5
IRIKMVAAGAEHTAA,172,186,10.002,0.20,5
IRIKMVAAGAEHTAA,172,186,30,0.30,5
IRIKMVAAGAEHTAA,172,186,100.002,0.90,5
IRIKMVAAGAEHTAA,172,186,300,0.50,5
IRIKMVAAGAEHTAA,172,186,1000,1.10,5
IRIKMVAAGAEHTAA,172,186,3000,1.50,5
IRIKMVAAGAEHTAA,172,186,10000,1.90,5
IRIKMVAAGAEHTAA,172,186,30000,2.20,5
IRIKMVAAGAEHTAA,172,186,100000,3.40,5
VAAGAEHTAA,177,186,0,0.00,5
VAAGAEHTAA,177,186,10.002,0.20,5
VAAGAEHTAA,177,186,30,0.30,5
VAAGAEHTAA,177,186,100.002,0.80,5
VAAGAEHTAA,177,186,300,0.40,5
VAAGAEHTAA,177,186,1000,0.80,5
VAAGAEHTAA,177,186,3000,1.00,5
VAAGAEHTAA,177,186,10000,1.20,5
VAAGAEHTAA,177,186,30000,1.40,5
VAAGAEHTAA,177,186,100000,2.10,5
VAAGAEHTAAVTEDGDL,177,193,0,0.10,5
VAAGAEHTAAVTEDGDL,177,193,10.002,0.60,5
VAAGAEHTAAVTEDGDL,177,193,30,0.80,5
VAAGAEHTAAVTEDGDL,177,193,100.002,1.80,5
VAAGAEHTAAVTEDGDL,177,193,300,1.20,5
VAAGAEHTAAVTEDGDL,177,193,1000,2.00,5
VAAGAEHTAAVTEDGDL,177,193,3000,2.30,5
VAAGAEHTAAVTEDGDL,177,193,10000,2.70,5
VAAGAEHTAAVTEDGDL,177,193,30000,3.00,5
VAAGAEHTAAVTEDGDL,177,193,100000,3.10,5
VTEDGDL,187,193,0,0.00,5
VTEDGDL,187,193,10.002,0.30,5
VTEDGDL,187,193,30,0.50,5
VTEDGDL,187,193,100.002,0.90,5
VTEDGDL,187,193,300,0.70,5
VTEDGDL,187,193,1000,1.10,5
VTEDGDL,187,193,3000,1.40,5
VTEDGDL,187,193,10000,1.70,5
VTEDGDL,187,193,30000,1.80,5
VTEDGDL,187,193,100000,1.00,5
YGWGWGRYGNL,194,204,0,0.10,4
YGWGWGRYGNL,194,204,10.002,0.20,4
YGWGWGRYGNL,194,204,30,0.30,4
YGWGWGRYGNL,194,204,100.002,1.40,4
YGWGWGRYGNL,194,204,300,0.70,4
YGWGWGRYGNL,194,204,1000,1.80,4
YGWGWGRYGNL,194,204,3000,2.10,4
YGWGWGRYGNL,194,204,10000,2.20,4
YGWGWGRYGNL,194,204,30000,2.30,4
YGWGWGRYGNL,194,204,100000,2.70,4
YGWGWGRYGNLGLGDRT,194,210,0,0.10,4
YGWGWGRYGNLGLGDRT,194,210,10.002,0.60,4
YGWGWGRYGNLGLGDRT,194,210,30,0.80,4
YGWGWGRYGNLGLGDRT,194,210,100.002,2.90,4
YGWGWGRYGNLGLGDRT,194,210,300,1.50,4
YGWGWGRYGNLGLGDRT,194,210,1000,3.60,4
YGWGWGRYGNLGLGDRT,194,210,3000,3.90,4
YGWGWGRYGNLGLGDRT,194,210,10000,4.00,4
YGWGWGRYGNLGLGDRT,194,210,30000,4.00,4
YGWGWGRYGNLGLGDRT,194,210,100000,4.70,4
YGWGWGRYGNLGLGDRTDRL,194,213,0,0.70,3
YGWGWGRYGNLGLGDRTDRL,194,213,10.002,1.10,3
YGWGWGRYGNLGLGDRTDRL,194,213,30,1.40,3
YGWGWGRYGNLGLGDRTDRL,194,213,100.002,3.50,3
YGWGWGRYGNLGLGDRTDRL,194,213,300,2.20,3
YGWGWGRYGNLGLGDRTDRL,194,213,1000,4.30,3
YGWGWGRYGNLGLGDRTDRL,194,213,3000,4.60,3
YGWGWGRYGNLGLGDRTDRL,194,213,10000,4.80,3
YGWGWGRYGNLGLGDRTDRL,194,213,30000,4.90,3
YGWGWGRYGNLGLGDRTDRL,194,213,100000,5.70,3
DRLVPERVTSTGGEKMSM,211,228,0,0.30,3
DRLVPERVTSTGGEKMSM,211,228,10.002,2.30,3
DRLVPERVTSTGGEKMSM,211,228,30,2.60,3
DRLVPERVTSTGGEKMSM,211,228,100.002,3.70,3
DRLVPERVTSTGGEKMSM,211,228,300,3.00,3
DRLVPERVTSTGGEKMSM,211,228,1000,3.70,3
DRLVPERVTSTGGEKMSM,211,228,3000,3.90,3
DRLVPERVTSTGGEKMSM,211,228,10000,4.00,3
DRLVPERVTSTGGEKMSM,211,228,30000,4.40,3
DRLVPERVTSTGGEKMSM,211,228,100000,3.50,3
VPERVTSTGGEKMSM,214,228,0,0.20,3
VPERVTSTGGEKMSM,214,228,10.002,2.30,3
VPERVTSTGGEKMSM,214,228,30,2.50,3
VPERVTSTGGEKMSM,214,228,100.002,3.60,3
VPERVTSTGGEKMSM,214,228,300,2.80,3
VPERVTSTGGEKMSM,214,228,1000,3.50,3
VPERVTSTGGEKMSM,214,228,3000,3.60,3
VPERVTSTGGEKMSM,214,228,10000,3.80,3
VPERVTSTGGEKMSM,214,228,30000,4.10,3
VPERVTSTGGEKMSM,214,228,100000,4.10,3
VACGWRHTISV,229,239,0,0.10,3
VACGWRHTISV,229,239,10.002,0.10,3
VACGWRHTISV,229,239,30,0.20,3
VACGWRHTISV,229,239,100.002,0.30,3
VACGWRHTISV,229,239,300,0.30,3
VACGWRHTISV,229,239,1000,0.30,3
VACGWRHTISV,229,239,3000,0.30,3
VACGWRHTISV,229,239,10000,0.40,3
VACGWRHTISV,229,239,30000,0.40,3
VACGWRHTISV,229,239,100000,2.60,3
SYSGAL,240,245,0,0.00,4
SYSGAL,240,245,10.002,0.40,4
SYSGAL,240,245,30,0.40,4
SYSGAL,240,245,100.002,0.80,4
SYSGAL,240,245,300,0.50,4
SYSGAL,240,245,1000,1.00,4
SYSGAL,240,245,3000,1.20,4
SYSGAL,240,245,10000,1.50,4
SYSGAL,240,245,30000,1.70,4
SYSGAL,240,245,100000,1.20,4
YTYGWSKYGQLGHGDL,246,261,0,0.10,3
YTYGWSKYGQLGHGDL,246,261,10.002,0.40,3
YTYGWSKYGQLGHGDL,246,261,30,0.50,3
YTYGWSKYGQLGHGDL,246,261,100.002,0.90,3
YTYGWSKYGQLGHGDL,246,261,300,0.70,3
YTYGWSKYGQLGHGDL,246,261,1000,1.20,3
YTYGWSKYGQLGHGDL,246,261,3000,1.80,3
YTYGWSKYGQLGHGDL,246,261,10000,2.50,3
YTYGWSKYGQLGHGDL,246,261,30000,3.20,3
YTYGWSKYGQLGHGDL,246,261,100000,3.00,3
YTYGWSKYGQLGHGDL,246,261,0,0.30,3
YTYGWSKYGQLGHGDL,246,261,10.002,0.60,3
YTYGWSKYGQLGHGDL,246,261,30,1.00,3
YTYGWSKYGQLGHGDL,246,261,100.002,1.20,3
YTYGWSKYGQLGHGDL,246,261,300,1.00,3
YTYGWSKYGQLGHGDL,246,261,1000,1.50,3
YTYGWSKYGQLGHGDL,246,261,3000,2.00,3
YTYGWSKYGQLGHGDL,246,261,10000,2.80,3
YTYGWSKYGQLGHGDL,246,261,30000,3.40,3
YTYGWSKYGQLGHGDL,246,261,100000,3.20,3
YTYGWSKYGQLGHGDLED,246,263,0,0.10,4
YTYGWSKYGQLGHGDLED,246,263,10.002,0.40,4
YTYGWSKYGQLGHGDLED,246,263,30,0.50,4
YTYGWSKYGQLGHGDLED,246,263,100.002,1.00,4
YTYGWSKYGQLGHGDLED,246,263,300,0.70,4
YTYGWSKYGQLGHGDLED,246,263,1000,1.30,4
YTYGWSKYGQLGHGDLED,246,263,3000,1.90,4
YTYGWSKYGQLGHGDLED,246,263,10000,2.90,4
YTYGWSKYGQLGHGDLED,246,263,30000,3.70,4
YTYGWSKYGQLGHGDLED,246,263,100000,3.50,4
WSKYGQLGHGDL,250,261,0,0.10,3
WSKYGQLGHGDL,250,261,10.002,0.40,3
WSKYGQLGHGDL,250,261,30,0.60,3
WSKYGQLGHGDL,250,261,100.002,1.00,3
WSKYGQLGHGDL,250,261,300,0.70,3
WSKYGQLGHGDL,250,261,1000,1.10,3
WSKYGQLGHGDL,250,261,3000,1.50,3
WSKYGQLGHGDL,250,261,10000,2.10,3
WSKYGQLGHGDL,250,261,30000,2.50,3
WSKYGQLGHGDL,250,261,100000,1.90,3
HLIPHKLEA,264,272,0,0.00,3
HLIPHKLEA,264,272,10.002,0.50,3
HLIPHKLEA,264,272,30,0.60,3
HLIPHKLEA,264,272,100.002,1.20,3
HLIPHKLEA,264,272,300,0.90,3
HLIPHKLEA,264,272,1000,1.20,3
HLIPHKLEA,264,272,3000,1.30,3
HLIPHKLEA,264,272,10000,1.40,3
HLIPHKLEA,264,272,30000,1.50,3
HLIPHKLEA,264,272,100000,1.20,3
HLIPHKLEA,264,272,0,0.00,5
HLIPHKLEA,264,272,10.002,0.50,5
HLIPHKLEA,264,272,30,0.60,5
HLIPHKLEA,264,272,100.002,1.20,5
HLIPHKLEA,264,272,300,1.00,5
HLIPHKLEA,264,272,1000,1.20,5
HLIPHKLEA,264,272,3000,1.30,5
HLIPHKLEA,264,272,10000,1.40,5
HLIPHKLEA,264,272,30000,1.60,5
HLIPHKLEA,264,272,100000,1.20,5
HLIPHKLEALSNS,264,276,0,0.10,3
HLIPHKLEALSNS,264,276,10.002,1.00,3
HLIPHKLEALSNS,264,276,30,1.30,3
HLIPHKLEALSNS,264,276,100.002,2.90,3
HLIPHKLEALSNS,264,276,300,2.00,3
HLIPHKLEALSNS,264,276,1000,3.20,3
HLIPHKLEALSNS,264,276,3000,3.30,3
HLIPHKLEALSNS,264,276,10000,3.40,3
HLIPHKLEALSNS,264,276,30000,3.60,3
HLIPHKLEALSNS,264,276,100000,3.40,3
HLIPHKLEALSNSF,264,277,0,0.10,3
HLIPHKLEALSNSF,264,277,10.002,1.40,3
HLIPHKLEALSNSF,264,277,30,1.70,3
HLIPHKLEALSNSF,264,277,100.002,3.80,3
HLIPHKLEALSNSF,264,277,300,2.60,3
HLIPHKLEALSNSF,264,277,1000,3.80,3
HLIPHKLEALSNSF,264,277,3000,4.10,3
HLIPHKLEALSNSF,264,277,10000,4.20,3
HLIPHKLEALSNSF,264,277,30000,4.40,3
HLIPHKLEALSNSF,264,277,100000,2.90,3
HLIPHKLEALSNSF,264,277,0,0.10,3
HLIPHKLEALSNSF,264,277,10.002,1.40,3
HLIPHKLEALSNSF,264,277,30,1.70,3
HLIPHKLEALSNSF,264,277,100.002,3.70,3
HLIPHKLEALSNSF,264,277,300,2.60,3
HLIPHKLEALSNSF,264,277,1000,3.90,3
HLIPHKLEALSNSF,264,277,3000,4.10,3
HLIPHKLEALSNSF,264,277,10000,4.10,3
HLIPHKLEALSNSF,264,277,30000,4.40,3
HLIPHKLEALSNSF,264,277,100000,2.90,3
ISQISGGWRHTMALTSDGKL,278,297,0,0.20,3
ISQISGGWRHTMALTSDGKL,278,297,10.002,0.80,3
ISQISGGWRHTMALTSDGKL,278,297,30,1.00,3
ISQISGGWRHTMALTSDGKL,278,297,100.002,2.00,3
ISQISGGWRHTMALTSDGKL,278,297,300,1.40,3
ISQISGGWRHTMALTSDGKL,278,297,1000,2.10,3
ISQISGGWRHTMALTSDGKL,278,297,3000,2.40,3
ISQISGGWRHTMALTSDGKL,278,297,10000,2.60,3
ISQISGGWRHTMALTSDGKL,278,297,30000,3.00,3
ISQISGGWRHTMALTSDGKL,278,297,100000,4.70,3
LTSDGKL,291,297,0,0.00,3
LTSDGKL,291,297,10.002,0.40,3
LTSDGKL,291,297,30,0.50,3
LTSDGKL,291,297,100.002,0.90,3
LTSDGKL,291,297,300,0.70,3
LTSDGKL,291,297,1000,1.10,3
LTSDGKL,291,297,3000,1.30,3
LTSDGKL,291,297,10000,1.50,3
LTSDGKL,291,297,30000,1.90,3
LTSDGKL,291,297,100000,1.30,3
TSDGKLYGWGWNKFGQVGVGNNL,292,314,0,0.20,3
TSDGKLYGWGWNKFGQVGVGNNL,292,314,10.002,0.60,3
TSDGKLYGWGWNKFGQVGVGNNL,292,314,30,0.70,3
TSDGKLYGWGWNKFGQVGVGNNL,292,314,100.002,1.30,3
TSDGKLYGWGWNKFGQVGVGNNL,292,314,300,0.80,3
TSDGKLYGWGWNKFGQVGVGNNL,292,314,1000,1.60,3
TSDGKLYGWGWNKFGQVGVGNNL,292,314,3000,1.90,3
TSDGKLYGWGWNKFGQVGVGNNL,292,314,10000,2.30,3
TSDGKLYGWGWNKFGQVGVGNNL,292,314,30000,2.70,3
TSDGKLYGWGWNKFGQVGVGNNL,292,314,100000,2.90,3
TSDGKLYGWGWNKFGQVGVGNNL,292,314,0,0.20,4
TSDGKLYGWGWNKFGQVGVGNNL,292,314,10.002,0.50,4
TSDGKLYGWGWNKFGQVGVGNNL,292,314,30,0.60,4
TSDGKLYGWGWNKFGQVGVGNNL,292,314,100.002,1.20,4
TSDGKLYGWGWNKFGQVGVGNNL,292,314,300,0.80,4
TSDGKLYGWGWNKFGQVGVGNNL,292,314,1000,1.50,4
TSDGKLYGWGWNKFGQVGVGNNL,292,314,3000,1.80,4
TSDGKLYGWGWNKFGQVGVGNNL,292,314,10000,2.20,4
TSDGKLYGWGWNKFGQVGVGNNL,292,314,30000,2.70,4
TSDGKLYGWGWNKFGQVGVGNNL,292,314,100000,4.40,4
YGWGWNKF,298,305,0,0.00,3
YGWGWNKF,298,305,10.002,0.00,3
YGWGWNKF,298,305,30,0.10,3
YGWGWNKF,298,305,100.002,0.10,3
YGWGWNKF,298,305,300,0.10,3
YGWGWNKF,298,305,1000,0.10,3
YGWGWNKF,298,305,3000,0.10,3
YGWGWNKF,298,305,10000,0.10,3
YGWGWNKF,298,305,30000,0.10,3
YGWGWNKF,298,305,100000,1.60,3
YGWGWNKFGQVGVGNN,298,313,0,0.10,4
YGWGWNKFGQVGVGNN,298,313,10.002,0.40,4
YGWGWNKFGQVGVGNN,298,313,30,0.40,4
YGWGWNKFGQVGVGNN,298,313,100.002,0.80,4
YGWGWNKFGQVGVGNN,298,313,300,0.50,4
YGWGWNKFGQVGVGNN,298,313,1000,0.90,4
YGWGWNKFGQVGVGNN,298,313,3000,1.00,4
YGWGWNKFGQVGVGNN,298,313,10000,1.10,4
YGWGWNKFGQVGVGNN,298,313,30000,1.20,4
YGWGWNKFGQVGVGNN,298,313,100000,3.40,4
YGWGWNKFGQVGVGNNL,298,314,0,0.10,5
YGWGWNKFGQVGVGNNL,298,314,10.002,0.50,5
YGWGWNKFGQVGVGNNL,298,314,30,0.50,5
YGWGWNKFGQVGVGNNL,298,314,100.002,1.00,5
YGWGWNKFGQVGVGNNL,298,314,300,0.70,5
YGWGWNKFGQVGVGNNL,298,314,1000,1.20,5
YGWGWNKFGQVGVGNNL,298,314,3000,1.40,5
YGWGWNKFGQVGVGNNL,298,314,10000,1.70,5
YGWGWNKFGQVGVGNNL,298,314,30000,1.90,5
YGWGWNKFGQVGVGNNL,298,314,100000,3.50,5
DQCSPVQ,315,321,0,0.00,4
DQCSPVQ,315,321,10.002,0.30,4
DQCSPVQ,315,321,30,0.30,4
DQCSPVQ,315,321,100.002,0.80,4
DQCSPVQ,315,321,300,0.50,4
DQCSPVQ,315,321,1000,0.90,4
DQCSPVQ,315,321,3000,1.00,4
DQCSPVQ,315,321,10000,1.20,4
DQCSPVQ,315,321,30000,1.30,4
DQCSPVQ,315,321,100000,0.90,4
VRFPDDQKVVQ,322,332,0,0.00,3
VRFPDDQKVVQ,322,332,10.002,0.40,3
VRFPDDQKVVQ,322,332,30,0.60,3
VRFPDDQKVVQ,322,332,100.002,1.40,3
VRFPDDQKVVQ,322,332,300,0.90,3
VRFPDDQKVVQ,322,332,1000,1.70,3
VRFPDDQKVVQ,322,332,3000,1.80,3
VRFPDDQKVVQ,322,332,10000,1.90,3
VRFPDDQKVVQ,322,332,30000,1.90,3
VRFPDDQKVVQ,322,332,100000,2.00,3
VRFPDDQKVVQ,322,332,0,0.00,3
VRFPDDQKVVQ,322,332,10.002,0.40,3
VRFPDDQKVVQ,322,332,30,0.50,3
VRFPDDQKVVQ,322,332,100.002,1.40,3
VRFPDDQKVVQ,322,332,300,0.90,3
VRFPDDQKVVQ,322,332,1000,1.70,3
VRFPDDQKVVQ,322,332,3000,1.80,3
VRFPDDQKVVQ,322,332,10000,1.80,3
VRFPDDQKVVQ,322,332,30000,1.80,3
VRFPDDQKVVQ,322,332,100000,2.00,3
VRFPDDQKVVQVSCG,322,336,0,0.10,3
VRFPDDQKVVQVSCG,322,336,10.002,0.50,3
VRFPDDQKVVQVSCG,322,336,30,0.70,3
VRFPDDQKVVQVSCG,322,336,100.002,1.70,3
VRFPDDQKVVQVSCG,322,336,300,1.10,3
VRFPDDQKVVQVSCG,322,336,1000,2.10,3
VRFPDDQKVVQVSCG,322,336,3000,2.50,3
VRFPDDQKVVQVSCG,322,336,10000,2.50,3
VRFPDDQKVVQVSCG,322,336,30000,2.50,3
VRFPDDQKVVQVSCG,322,336,100000,2.60,3
VRFPDDQKVVQVSCG,322,336,0,0.10,4
VRFPDDQKVVQVSCG,322,336,10.002,0.50,4
VRFPDDQKVVQVSCG,322,336,30,0.70,4
VRFPDDQKVVQVSCG,322,336,100.002,1.70,4
VRFPDDQKVVQVSCG,322,336,300,1.20,4
VRFPDDQKVVQVSCG,322,336,1000,2.20,4
VRFPDDQKVVQVSCG,322,336,3000,2.50,4
VRFPDDQKVVQVSCG,322,336,10000,2.60,4
VRFPDDQKVVQVSCG,322,336,30000,2.60,4
VRFPDDQKVVQVSCG,322,336,100000,2.40,4
VSCGWRHTLA,333,342,0,0.00,4
VSCGWRHTLA,333,342,10.002,0.10,4
VSCGWRHTLA,333,342,30,0.10,4
VSCGWRHTLA,333,342,100.002,0.20,4
VSCGWRHTLA,333,342,300,0.20,4
VSCGWRHTLA,333,342,1000,0.30,4
VSCGWRHTLA,333,342,3000,0.40,4
VSCGWRHTLA,333,342,10000,0.50,4
VSCGWRHTLA,333,342,30000,0.60,4
VSCGWRHTLA,333,342,100000,3.30,4
WRHTLAVTERNNVFA,337,351,0,0.10,4
WRHTLAVTERNNVFA,337,351,10.002,0.50,4
WRHTLAVTERNNVFA,337,351,30,0.60,4
WRHTLAVTERNNVFA,337,351,100.002,0.90,4
WRHTLAVTERNNVFA,337,351,300,0.60,4
WRHTLAVTERNNVFA,337,351,1000,1.00,4
WRHTLAVTERNNVFA,337,351,3000,1.20,4
WRHTLAVTERNNVFA,337,351,10000,1.50,4
WRHTLAVTERNNVFA,337,351,30000,1.70,4
WRHTLAVTERNNVFA,337,351,100000,3.00,4
VTERNNV,343,349,0,0.00,3
VTERNNV,343,349,10.002,0.60,3
VTERNNV,343,349,30,0.60,3
VTERNNV,343,349,100.002,1.00,3
VTERNNV,343,349,300,0.80,3
VTERNNV,343,349,1000,1.20,3
VTERNNV,343,349,3000,1.40,3
VTERNNV,343,349,10000,1.60,3
VTERNNV,343,349,30000,1.80,3
VTERNNV,343,349,100000,1.70,3
AWGRGTNGQLGIGE,351,364,0,0.00,4
AWGRGTNGQLGIGE,351,364,10.002,1.10,4
AWGRGTNGQLGIGE,351,364,30,1.70,4
AWGRGTNGQLGIGE,351,364,100.002,3.10,4
AWGRGTNGQLGIGE,351,364,300,2.30,4
AWGRGTNGQLGIGE,351,364,1000,3.20,4
AWGRGTNGQLGIGE,351,364,3000,3.30,4
AWGRGTNGQLGIGE,351,364,10000,3.60,4
AWGRGTNGQLGIGE,351,364,30000,3.90,4
AWGRGTNGQLGIGE,351,364,100000,3.00,4
WGRGTNGQLGIGE,352,364,0,0.00,4
WGRGTNGQLGIGE,352,364,10.002,1.10,4
WGRGTNGQLGIGE,352,364,30,1.70,4
WGRGTNGQLGIGE,352,364,100.002,3.10,4
WGRGTNGQLGIGE,352,364,300,2.30,4
WGRGTNGQLGIGE,352,364,1000,3.10,4
WGRGTNGQLGIGE,352,364,3000,3.30,4
WGRGTNGQLGIGE,352,364,10000,3.50,4
WGRGTNGQLGIGE,352,364,30000,3.90,4
WGRGTNGQLGIGE,352,364,100000,2.60,4
SVDRNFPKIIEA,365,376,0,0.00,4
SVDRNFPKIIEA,365,376,10.002,1.00,4
SVDRNFPKIIEA,365,376,30,1.10,4
SVDRNFPKIIEA,365,376,100.002,2.20,4
SVDRNFPKIIEA,365,376,300,1.60,4
SVDRNFPKIIEA,365,376,1000,2.40,4
SVDRNFPKIIEA,365,376,3000,2.60,4
SVDRNFPKIIEA,365,376,10000,2.80,4
SVDRNFPKIIEA,365,376,30000,2.80,4
SVDRNFPKIIEA,365,376,100000,2.40,4
SVDRNFPKIIEA,365,376,0,0.10,4
SVDRNFPKIIEA,365,376,10.002,1.00,4
SVDRNFPKIIEA,365,376,30,1.20,4
SVDRNFPKIIEA,365,376,100.002,2.20,4
SVDRNFPKIIEA,365,376,300,1.60,4
SVDRNFPKIIEA,365,376,1000,2.40,4
SVDRNFPKIIEA,365,376,3000,2.60,4
SVDRNFPKIIEA,365,376,10000,2.80,4
SVDRNFPKIIEA,365,376,30000,2.90,4
SVDRNFPKIIEA,365,376,100000,2.40,4
SVDRNFPKIIEAL,365,377,0,0.10,3
SVDRNFPKIIEAL,365,377,10.002,1.20,3
SVDRNFPKIIEAL,365,377,30,1.30,3
SVDRNFPKIIEAL,365,377,100.002,2.60,3
SVDRNFPKIIEAL,365,377,300,1.90,3
SVDRNFPKIIEAL,365,377,1000,2.90,3
SVDRNFPKIIEAL,365,377,3000,3.30,3
SVDRNFPKIIEAL,365,377,10000,3.50,3
SVDRNFPKIIEAL,365,377,30000,3.60,3
SVDRNFPKIIEAL,365,377,100000,2.90,3
