peptide_seq,start_res,end_res,time,D_inc,score
AEDMAADEVTAPPRKVLIISAGASHSVAL,2,30,0.0000,13.90,1
AEDMAADEVTAPPRKVLIISAGASHSVAL,2,30,0.1667,15.20,1
AEDMAADEVTAPPRKVLIISAGASHSVAL,2,30,0.5000,20.40,1
AEDMAADEVTAPPRKVLIISAGASHSVAL,2,30,1.6667,12.70,1
AEDMAADEVTAPPRKVLIISAGASHSVAL,2,30,5.0000,10.70,1
AEDMAADEVTAPPRKVLIISAGASHSVAL,2,30,16.6667,12.30,1
AEDMAADEVTAPPRKVLIISAGASHSVAL,2,30,50.0000,11.00,1
AEDMAADEVTAPPRKVLIISAGASHSVAL,2,30,166.6667,8.40,1
AEDMAADEVTAPPRKVLIISAGASHSVAL,2,30,500.0000,12.50,1
AEDMAADEVTAPPRKVLIISAGASHSVAL,2,30,1666.6667,16.80,1
AADEVTAPPRKVL,6,18,0.0000,0.00,1
AADEVTAPPRKVL,6,18,0.1667,2.10,1
AADEVTAPPRKVL,6,18,0.5000,2.10,1
AADEVTAPPRKVL,6,18,1.6667,3.20,1
AADEVTAPPRKVL,6,18,5.0000,2.60,1
AADEVTAPPRKVL,6,18,16.6667,3.30,1
AADEVTAPPRKVL,6,18,50.0000,3.50,1
AADEVTAPPRKVL,6,18,166.6667,3.70,1
AADEVTAPPRKVL,6,18,500.0000,3.80,1
AADEVTAPPRKVL,6,18,1666.6667,2.40,1
AADEVTAPPRKVLII,6,20,0.0000,3.20,1
AADEVTAPPRKVLII,6,20,0.1667,5.10,1
AADEVTAPPRKVLII,6,20,0.5000,6.90,1
AADEVTAPPRKVLII,6,20,1.6667,5.50,1
AADEVTAPPRKVLII,6,20,5.0000,5.30,1
AADEVTAPPRKVLII,6,20,16.6667,5.40,1
AADEVTAPPRKVLII,6,20,50.0000,5.30,1
AADEVTAPPRKVLII,6,20,166.6667,5.70,1
AADEVTAPPRKVLII,6,20,500.0000,5.90,1
AADEVTAPPRKVLII,6,20,1666.6667,4.20,1
AADEVTAPPRKVLIISAGASH,6,26,0.0000,0.20,1
AADEVTAPPRKVLIISAGASH,6,26,0.1667,4.70,1
AADEVTAPPRKVLIISAGASH,6,26,0.5000,5.00,1
AADEVTAPPRKVLIISAGASH,6,26,1.6667,7.00,1
AADEVTAPPRKVLIISAGASH,6,26,5.0000,5.80,1
AADEVTAPPRKVLIISAGASH,6,26,16.6667,7.10,1
AADEVTAPPRKVLIISAGASH,6,26,50.0000,7.30,1
AADEVTAPPRKVLIISAGASH,6,26,166.6667,7.60,1
AADEVTAPPRKVLIISAGASH,6,26,500.0000,7.70,1
AADEVTAPPRKVLIISAGASH,6,26,1666.6667,5.00,1
AADEVTAPPRKVLIISAGASHSVAL,6,30,0.0000,0.10,4
AADEVTAPPRKVLIISAGASHSVAL,6,30,0.1667,2.30,4
AADEVTAPPRKVLIISAGASHSVAL,6,30,0.5000,2.50,4
AADEVTAPPRKVLIISAGASHSVAL,6,30,1.6667,4.00,4
AADEVTAPPRKVLIISAGASHSVAL,6,30,5.0000,3.20,4
AADEVTAPPRKVLIISAGASHSVAL,6,30,16.6667,4.20,4
AADEVTAPPRKVLIISAGASHSVAL,6,30,50.0000,4.40,4
AADEVTAPPRKVLIISAGASHSVAL,6,30,166.6667,4.60,4
AADEVTAPPRKVLIISAGASHSVAL,6,30,500.0000,4.90,4
AADEVTAPPRKVLIISAGASHSVAL,6,30,1666.6667,5.80,4
DEVTAPP,8,14,0.0000,0.10,1
DEVTAPP,8,14,0.1667,1.50,1
DEVTAPP,8,14,0.5000,1.80,1
DEVTAPP,8,14,1.6667,1.30,1
DEVTAPP,8,14,5.0000,1.20,1
DEVTAPP,8,14,16.6667,1.30,1
DEVTAPP,8,14,50.0000,1.40,1
DEVTAPP,8,14,166.6667,1.40,1
DEVTAPP,8,14,500.0000,1.10,1
DEVTAPP,8,14,1666.6667,1.00,1
DEVTAPPRKVL,8,18,0.0000,0.10,2
DEVTAPPRKVL,8,18,0.1667,1.80,2
DEVTAPPRKVL,8,18,0.5000,1.80,2
DEVTAPPRKVL,8,18,1.6667,2.80,2
DEVTAPPRKVL,8,18,5.0000,2.10,2
DEVTAPPRKVL,8,18,16.6667,2.90,2
DEVTAPPRKVL,8,18,50.0000,3.00,2
DEVTAPPRKVL,8,18,166.6667,3.10,2
DEVTAPPRKVL,8,18,500.0000,3.40,2
DEVTAPPRKVL,8,18,1666.6667,2.20,2
DEVTAPPRKVLII,8,20,0.0000,0.40,1
DEVTAPPRKVLII,8,20,0.1667,1.60,1
DEVTAPPRKVLII,8,20,0.5000,1.80,1
DEVTAPPRKVLII,8,20,1.6667,2.00,1
DEVTAPPRKVLII,8,20,5.0000,2.10,1
DEVTAPPRKVLII,8,20,16.6667,2.20,1
DEVTAPPRKVLII,8,20,50.0000,2.30,1
DEVTAPPRKVLII,8,20,166.6667,2.30,1
DEVTAPPRKVLII,8,20,500.0000,2.20,1
DEVTAPPRKVLII,8,20,1666.6667,2.20,1
DEVTAPPRKVLIISAG,8,23,0.0000,0.40,1
DEVTAPPRKVLIISAG,8,23,0.1667,3.40,1
DEVTAPPRKVLIISAG,8,23,0.5000,3.80,1
DEVTAPPRKVLIISAG,8,23,1.6667,5.20,1
DEVTAPPRKVLIISAG,8,23,5.0000,4.40,1
DEVTAPPRKVLIISAG,8,23,16.6667,5.30,1
DEVTAPPRKVLIISAG,8,23,50.0000,5.40,1
DEVTAPPRKVLIISAG,8,23,166.6667,5.50,1
DEVTAPPRKVLIISAG,8,23,500.0000,5.70,1
DEVTAPPRKVLIISAG,8,23,1666.6667,4.00,1
DEVTAPPRKVLIISAGASH,8,26,0.0000,0.20,2
DEVTAPPRKVLIISAGASH,8,26,0.1667,4.30,2
DEVTAPPRKVLIISAGASH,8,26,0.5000,4.40,2
DEVTAPPRKVLIISAGASH,8,26,1.6667,6.10,2
DEVTAPPRKVLIISAGASH,8,26,5.0000,5.20,2
DEVTAPPRKVLIISAGASH,8,26,16.6667,6.30,2
DEVTAPPRKVLIISAGASH,8,26,50.0000,6.50,2
DEVTAPPRKVLIISAGASH,8,26,166.6667,6.70,2
DEVTAPPRKVLIISAGASH,8,26,500.0000,6.90,2
DEVTAPPRKVLIISAGASH,8,26,1666.6667,4.50,2
DEVTAPPRKVLIISAGASH,8,26,0.0000,0.20,2
DEVTAPPRKVLIISAGASH,8,26,0.1667,4.30,2
DEVTAPPRKVLIISAGASH,8,26,0.5000,4.40,2
DEVTAPPRKVLIISAGASH,8,26,1.6667,6.30,2
DEVTAPPRKVLIISAGASH,8,26,5.0000,5.30,2
DEVTAPPRKVLIISAGASH,8,26,16.6667,6.40,2
DEVTAPPRKVLIISAGASH,8,26,50.0000,6.60,2
DEVTAPPRKVLIISAGASH,8,26,166.6667,6.80,2
DEVTAPPRKVLIISAGASH,8,26,500.0000,7.00,2
DEVTAPPRKVLIISAGASH,8,26,1666.6667,4.70,2
DEVTAPPRKVLIISAGASHSVA,8,29,0.0000,2.40,2
DEVTAPPRKVLIISAGASHSVA,8,29,0.1667,3.70,2
DEVTAPPRKVLIISAGASHSVA,8,29,0.5000,4.10,2
DEVTAPPRKVLIISAGASHSVA,8,29,1.6667,6.10,2
DEVTAPPRKVLIISAGASHSVA,8,29,5.0000,5.00,2
DEVTAPPRKVLIISAGASHSVA,8,29,16.6667,6.30,2
DEVTAPPRKVLIISAGASHSVA,8,29,50.0000,6.70,2
DEVTAPPRKVLIISAGASHSVA,8,29,166.6667,6.90,2
DEVTAPPRKVLIISAGASHSVA,8,29,500.0000,6.90,2
DEVTAPPRKVLIISAGASHSVA,8,29,1666.6667,5.70,2
DEVTAPPRKVLIISAGASHSVAL,8,30,0.0000,0.10,4
DEVTAPPRKVLIISAGASHSVAL,8,30,0.1667,2.00,4
DEVTAPPRKVLIISAGASHSVAL,8,30,0.5000,2.30,4
DEVTAPPRKVLIISAGASHSVAL,8,30,1.6667,3.80,4
DEVTAPPRKVLIISAGASHSVAL,8,30,5.0000,2.90,4
DEVTAPPRKVLIISAGASHSVAL,8,30,16.6667,3.90,4
DEVTAPPRKVLIISAGASHSVAL,8,30,50.0000,4.10,4
DEVTAPPRKVLIISAGASHSVAL,8,30,166.6667,4.40,4
DEVTAPPRKVLIISAGASHSVAL,8,30,500.0000,4.70,4
DEVTAPPRKVLIISAGASHSVAL,8,30,1666.6667,5.50,4
DEVTAPPRKVLIISAGASHSVALL,8,31,0.0000,0.10,3
DEVTAPPRKVLIISAGASHSVALL,8,31,0.1667,1.90,3
DEVTAPPRKVLIISAGASHSVALL,8,31,0.5000,2.10,3
DEVTAPPRKVLIISAGASHSVALL,8,31,1.6667,3.50,3
DEVTAPPRKVLIISAGASHSVALL,8,31,5.0000,2.70,3
DEVTAPPRKVLIISAGASHSVALL,8,31,16.6667,3.60,3
DEVTAPPRKVLIISAGASHSVALL,8,31,50.0000,3.80,3
DEVTAPPRKVLIISAGASHSVALL,8,31,166.6667,4.00,3
DEVTAPPRKVLIISAGASHSVALL,8,31,500.0000,4.10,3
DEVTAPPRKVLIISAGASHSVALL,8,31,1666.6667,5.90,3
